Customer_Key,Customer,Bill_To_Customer,Category,Buying_Group,Primary_Contact,Postal_Code
1,Tailspin Toys (Head Office),Tailspin Toys (Head Office),Novelty Shop,Tailspin Toys,Waldemar Fisar,90410.0
2,Tailspin Toys (Sylvanite- MT),Tailspin Toys (Head Office),Novelty Shop,Tailspin Toys,Lorena Cindric,90216.0
3,Tailspin Toys (Peeples Valley- AZ),Tailspin Toys (Head Office),Novelty Shop,Tailspin Toys,Bhaargav Rambhatla,90205.0
4,Tailspin Toys (Medicine Lodge- KS),Tailspin Toys (Head Office),Novelty Shop,Tailspin Toys,Daniel Roman,90152.0
5,Tailspin Toys (Gasport- NY),Tailspin Toys (Head Office),Novelty Shop,Tailspin Toys,Johanna Huiting,90261.0
6,Tailspin Toys (Jessie- ND),Tailspin Toys (Head Office),Novelty Shop,Tailspin Toys,Biswajeet Thakur,90298.0
7,Tailspin Toys (Frankewing- TN),Tailspin Toys (Head Office),Novelty Shop,Tailspin Toys,Kalidas Nadar,90761.0
8,Tailspin Toys (Bow Mar- CO),Tailspin Toys (Head Office),Novelty Shop,Tailspin Toys,Kanti Kotadia,90484.0
9,Tailspin Toys (Netcong- NJ),Tailspin Toys (Head Office),Novelty Shop,Tailspin Toys,Sointu Aalto,90129.0
10,Tailspin Toys (Wimbledon- ND),Tailspin Toys (Head Office),Novelty Shop,Tailspin Toys,Siddhartha Parkar,90061.0
11,Tailspin Toys (Devault- PA),Tailspin Toys (Head Office),Novelty Shop,Tailspin Toys,Elnaz Javan,90185.0
12,Tailspin Toys (Biscay- MN),Tailspin Toys (Head Office),Novelty Shop,Tailspin Toys,Heloisa Fernandes,90054.0
13,Tailspin Toys (Stonefort- IL),Tailspin Toys (Head Office),Novelty Shop,Tailspin Toys,Razeena Hosseini,90685.0
14,Tailspin Toys (Long Meadow- MD),Tailspin Toys (Head Office),Novelty Shop,Tailspin Toys,Tereza Valentova,90633.0
15,Tailspin Toys (Batson- TX),Tailspin Toys (Head Office),Novelty Shop,Tailspin Toys,Filips Jaunzems,90631.0
16,Tailspin Toys (Coney Island- MO),Tailspin Toys (Head Office),Novelty Shop,Tailspin Toys,Nitin Matondkar,90467.0
17,Tailspin Toys (East Fultonham- OH),Tailspin Toys (Head Office),Novelty Shop,Tailspin Toys,Adam Kubat,90416.0
18,Tailspin Toys (Goffstown- NH),Tailspin Toys (Head Office),Novelty Shop,Tailspin Toys,Isabelle Vodlan,90321.0
19,Tailspin Toys (Lemeta- AK),Tailspin Toys (Head Office),Novelty Shop,Tailspin Toys,Mithun Bhattacharya,90303.0
20,Tailspin Toys (College Place- WA),Tailspin Toys (Head Office),Novelty Shop,Tailspin Toys,Nghi Hua,90050.0
21,Tailspin Toys (Tresckow- PA),Tailspin Toys (Head Office),Novelty Shop,Tailspin Toys,Duleep Raju,90790.0
22,Tailspin Toys (Ward Ridge- FL),Tailspin Toys (Head Office),Novelty Shop,Tailspin Toys,Cristina Longo,90784.0
23,Tailspin Toys (Ikatan- AK),Tailspin Toys (Head Office),Novelty Shop,Tailspin Toys,Hang Tang,90019.0
24,Tailspin Toys (Dundarrach- NC),Tailspin Toys (Head Office),Novelty Shop,Tailspin Toys,Intira Mookjai,90758.0
25,Tailspin Toys (Avenal- CA),Tailspin Toys (Head Office),Novelty Shop,Tailspin Toys,Sulabha Khalsa,90352.0
26,Tailspin Toys (Hedrick- IA),Tailspin Toys (Head Office),Novelty Shop,Tailspin Toys,Dhanishta Majji,90331.0
27,Tailspin Toys (Bowlus- MN),Tailspin Toys (Head Office),Novelty Shop,Tailspin Toys,Paula Gonzales,90703.0
28,Tailspin Toys (North Ridge- NY),Tailspin Toys (Head Office),Novelty Shop,Tailspin Toys,Tatjana Utjesenovic,90024.0
29,Tailspin Toys (Eulaton- AL),Tailspin Toys (Head Office),Novelty Shop,Tailspin Toys,Karel Hanak,90571.0
30,Tailspin Toys (Koontzville- WA),Tailspin Toys (Head Office),Novelty Shop,Tailspin Toys,Odessa Schneider,90288.0
31,Tailspin Toys (Lake Stevens- WA),Tailspin Toys (Head Office),Novelty Shop,Tailspin Toys,Kimberly Pace,90394.0
32,Tailspin Toys (Maypearl- TX),Tailspin Toys (Head Office),Novelty Shop,Tailspin Toys,Nikolajs Kalejs,90087.0
33,Tailspin Toys (Boyden Arbor- SC),Tailspin Toys (Head Office),Novelty Shop,Tailspin Toys,Haasini Rai,90497.0
34,Tailspin Toys (Dallardsville- TX),Tailspin Toys (Head Office),Novelty Shop,Tailspin Toys,Anjali Asthana,90041.0
35,Tailspin Toys (Slanesville- WV),Tailspin Toys (Head Office),Novelty Shop,Tailspin Toys,Shah Omidi,90601.0
36,Tailspin Toys (Ekron- KY),Tailspin Toys (Head Office),Novelty Shop,Tailspin Toys,Ferhat Celik,90603.0
37,Tailspin Toys (Kerby- OR),Tailspin Toys (Head Office),Novelty Shop,Tailspin Toys,Dayarama Kamei,90686.0
38,Tailspin Toys (Airport Drive- MO),Tailspin Toys (Head Office),Novelty Shop,Tailspin Toys,Nils Kalnins,90211.0
39,Tailspin Toys (Diablock- KY),Tailspin Toys (Head Office),Novelty Shop,Tailspin Toys,Ashish Acharya,90158.0
40,Tailspin Toys (Impact- TX),Tailspin Toys (Head Office),Novelty Shop,Tailspin Toys,Alena Prikrylova,90326.0
41,Tailspin Toys (Olivette- MO),Tailspin Toys (Head Office),Novelty Shop,Tailspin Toys,Lana Rozej,90042.0
42,Tailspin Toys (Arietta- NY),Tailspin Toys (Head Office),Novelty Shop,Tailspin Toys,Chandrakanta Raut,90124.0
43,Tailspin Toys (Upper Preston- WA),Tailspin Toys (Head Office),Novelty Shop,Tailspin Toys,Ganapati Gadiyaram,90687.0
44,Tailspin Toys (Amanda Park- WA),Tailspin Toys (Head Office),Novelty Shop,Tailspin Toys,Adrijana Blagojevic,90258.0
45,Tailspin Toys (Severna Park- MD),Tailspin Toys (Head Office),Novelty Shop,Tailspin Toys,Lap Dinh,90326.0
46,Tailspin Toys (Jemison- AL),Tailspin Toys (Head Office),Novelty Shop,Tailspin Toys,Didem ozCelik,90683.0
47,Tailspin Toys (Lake Hughes- CA),Tailspin Toys (Head Office),Novelty Shop,Tailspin Toys,Serhat Akbulut,90358.0
48,Tailspin Toys (Trentwood- WA),Tailspin Toys (Head Office),Novelty Shop,Tailspin Toys,Daniela Barrios,90615.0
49,Tailspin Toys (Muir- MI),Tailspin Toys (Head Office),Novelty Shop,Tailspin Toys,Julia Slobodova,90717.0
50,Tailspin Toys (Hambleton- WV),Tailspin Toys (Head Office),Novelty Shop,Tailspin Toys,Marcela Jankova,90087.0
51,Tailspin Toys (Imlaystown- NJ),Tailspin Toys (Head Office),Novelty Shop,Tailspin Toys,Dipali Sonkar,90051.0
52,Tailspin Toys (Idria- CA),Tailspin Toys (Head Office),Novelty Shop,Tailspin Toys,Bansidhar Mitra,90556.0
53,Tailspin Toys (Nanafalia- AL),Tailspin Toys (Head Office),Novelty Shop,Tailspin Toys,Gunnar Persson,90783.0
54,Tailspin Toys (Railroad- PA),Tailspin Toys (Head Office),Novelty Shop,Tailspin Toys,Vitezslav Rehak,90586.0
55,Tailspin Toys (Gum Branch- GA),Tailspin Toys (Head Office),Novelty Shop,Tailspin Toys,Bharat Sikdar,90559.0
56,Tailspin Toys (Royal City- WA),Tailspin Toys (Head Office),Novelty Shop,Tailspin Toys,Juan Bezanson,90398.0
57,Tailspin Toys (Lakemore- OH),Tailspin Toys (Head Office),Novelty Shop,Tailspin Toys,Aile Mae,90347.0
58,Tailspin Toys (Mappsburg- VA),Tailspin Toys (Head Office),Novelty Shop,Tailspin Toys,Pratap Varghese,90678.0
59,Tailspin Toys (Edgartown- MA),Tailspin Toys (Head Office),Novelty Shop,Tailspin Toys,Margita Kopecka,90684.0
60,Tailspin Toys (East Dailey- WV),Tailspin Toys (Head Office),Novelty Shop,Tailspin Toys,Lekha Mitra,90548.0
61,Tailspin Toys (Fairfield Glade- TN),Tailspin Toys (Head Office),Novelty Shop,Tailspin Toys,Abhoy Prabhup?da,90050.0
62,Tailspin Toys (Great Neck Estates- NY),Tailspin Toys (Head Office),Novelty Shop,Tailspin Toys,Alida Caune,90240.0
63,Tailspin Toys (Stallion Springs- CA),Tailspin Toys (Head Office),Novelty Shop,Tailspin Toys,Agnes Szolosy,90076.0
64,Tailspin Toys (Hodgdon- ME),Tailspin Toys (Head Office),Novelty Shop,Tailspin Toys,Rohana Kaskar,90673.0
65,Tailspin Toys (North Cowden- TX),Tailspin Toys (Head Office),Novelty Shop,Tailspin Toys,Hanuman Dubey,90406.0
66,Tailspin Toys (Madaket- MA),Tailspin Toys (Head Office),Novelty Shop,Tailspin Toys,Bao Dao,90614.0
67,Tailspin Toys (Sentinel Butte- ND),Tailspin Toys (Head Office),Novelty Shop,Tailspin Toys,Preyakshna Aluri,90422.0
68,Tailspin Toys (Gardere- LA),Tailspin Toys (Head Office),Novelty Shop,Tailspin Toys,Valentina Conti,90136.0
69,Tailspin Toys (Lytle Creek- CA),Tailspin Toys (Head Office),Novelty Shop,Tailspin Toys,Theodore Saucier,90795.0
70,Tailspin Toys (New Baden- IL),Tailspin Toys (Head Office),Novelty Shop,Tailspin Toys,Mariana Fierro,90235.0
71,Tailspin Toys (Good Hart- MI),Tailspin Toys (Head Office),Novelty Shop,Tailspin Toys,Afshin Djalili,90466.0
72,Tailspin Toys (Cortaro- AZ),Tailspin Toys (Head Office),Novelty Shop,Tailspin Toys,Bianh Phan,90351.0
73,Tailspin Toys (Cokato- MN),Tailspin Toys (Head Office),Novelty Shop,Tailspin Toys,Koknesis Vitols,90311.0
74,Tailspin Toys (Indios- PR),Tailspin Toys (Head Office),Novelty Shop,Tailspin Toys,Roxane Rastgu,90193.0
75,Tailspin Toys (Windsor Locks- CT),Tailspin Toys (Head Office),Novelty Shop,Tailspin Toys,Vlasta Srbova,90456.0
76,Tailspin Toys (Yewed- OK),Tailspin Toys (Head Office),Novelty Shop,Tailspin Toys,Lata Babu,90308.0
77,Tailspin Toys (Hahira- GA),Tailspin Toys (Head Office),Novelty Shop,Tailspin Toys,Airi Vassiljev,90706.0
78,Tailspin Toys (Sekiu- WA),Tailspin Toys (Head Office),Novelty Shop,Tailspin Toys,Duleep Walia,90686.0
79,Tailspin Toys (Page City- KS),Tailspin Toys (Head Office),Novelty Shop,Tailspin Toys,Matyas Macek,90316.0
80,Tailspin Toys (Valdese- NC),Tailspin Toys (Head Office),Novelty Shop,Tailspin Toys,Bharat Ankitham,90541.0
81,Tailspin Toys (Big Moose- NY),Tailspin Toys (Head Office),Novelty Shop,Tailspin Toys,Vera Kubatova,90798.0
82,Tailspin Toys (La Cueva- NM),Tailspin Toys (Head Office),Novelty Shop,Tailspin Toys,Rakesh Nishad,90253.0
83,Tailspin Toys (Absecon- NJ),Tailspin Toys (Head Office),Novelty Shop,Tailspin Toys,Sang Tran,90540.0
84,Tailspin Toys (Aceitunas- PR),Tailspin Toys (Head Office),Novelty Shop,Tailspin Toys,Eekalabya Bose,90213.0
85,Tailspin Toys (Andrix- CO),Tailspin Toys (Head Office),Novelty Shop,Tailspin Toys,Tommy Kilpi,90653.0
86,Tailspin Toys (New Lexington- OH),Tailspin Toys (Head Office),Novelty Shop,Tailspin Toys,Andrea Ricci,90637.0
87,Tailspin Toys (Sauquoit- NY),Tailspin Toys (Head Office),Novelty Shop,Tailspin Toys,Isabell  Duperre,90199.0
88,Tailspin Toys (Dracut- MA),Tailspin Toys (Head Office),Novelty Shop,Tailspin Toys,Amarendra Ankitham,90519.0
89,Tailspin Toys (Victory Gardens- NJ),Tailspin Toys (Head Office),Novelty Shop,Tailspin Toys,Aakarsha Nookala,90461.0
90,Tailspin Toys (Tolna- ND),Tailspin Toys (Head Office),Novelty Shop,Tailspin Toys,Stanislav Sedlar,90089.0
91,Tailspin Toys (Alstead- NH),Tailspin Toys (Head Office),Novelty Shop,Tailspin Toys,GokCe Karaca,90073.0
92,Tailspin Toys (Sans Souci- SC),Tailspin Toys (Head Office),Novelty Shop,Tailspin Toys,Coralie Emond,90553.0
93,Tailspin Toys (Clewiston- FL),Tailspin Toys (Head Office),Novelty Shop,Tailspin Toys,Karina Celmina,90354.0
94,Tailspin Toys (Cheyenne Wells- CO),Tailspin Toys (Head Office),Novelty Shop,Tailspin Toys,Teresa Pisani,90449.0
95,Tailspin Toys (Lavon- TX),Tailspin Toys (Head Office),Novelty Shop,Tailspin Toys,Alba Ponce,90310.0
96,Tailspin Toys (South La Paloma- TX),Tailspin Toys (Head Office),Novelty Shop,Tailspin Toys,Piper Leigh,90792.0
97,Tailspin Toys (Manchester Center- VT),Tailspin Toys (Head Office),Novelty Shop,Tailspin Toys,Karie Seymour,90179.0
98,Tailspin Toys (El Centro- CA),Tailspin Toys (Head Office),Novelty Shop,Tailspin Toys,Timea Peto,90573.0
99,Tailspin Toys (Guin- AL),Tailspin Toys (Head Office),Novelty Shop,Tailspin Toys,Victoria Ene,90779.0
100,Tailspin Toys (Tunnelhill- PA),Tailspin Toys (Head Office),Novelty Shop,Tailspin Toys,Bhavani Bhowmick,90788.0
101,Tailspin Toys (Cundiyo- NM),Tailspin Toys (Head Office),Novelty Shop,Tailspin Toys,Yasmine Berggren,90515.0
102,Tailspin Toys (Fieldbrook- CA),Tailspin Toys (Head Office),Novelty Shop,Tailspin Toys,Tea Koppel,90205.0
103,Tailspin Toys (Kalvesta- KS),Tailspin Toys (Head Office),Novelty Shop,Tailspin Toys,Naseem Radan,90130.0
104,Tailspin Toys (Wallagrass- ME),Tailspin Toys (Head Office),Novelty Shop,Tailspin Toys,Laboni Deb,90579.0
105,Tailspin Toys (Tomnolen- MS),Tailspin Toys (Head Office),Novelty Shop,Tailspin Toys,Sung-Hwan Hwang,90400.0
106,Tailspin Toys (Tumacacori- AZ),Tailspin Toys (Head Office),Novelty Shop,Tailspin Toys,Shiva Pipalia,90662.0
107,Tailspin Toys (Glen Avon- CA),Tailspin Toys (Head Office),Novelty Shop,Tailspin Toys,Karie Mercier,90782.0
108,Tailspin Toys (Bernie- MO),Tailspin Toys (Head Office),Novelty Shop,Tailspin Toys,Bhanu Thota,90045.0
109,Tailspin Toys (South Laguna- CA),Tailspin Toys (Head Office),Novelty Shop,Tailspin Toys,Ae-Cha Joo,90247.0
110,Tailspin Toys (North Crows Nest- IN),Tailspin Toys (Head Office),Novelty Shop,Tailspin Toys,Dinara Saparkyzy,90792.0
111,Tailspin Toys (Oriole Beach- FL),Tailspin Toys (Head Office),Novelty Shop,Tailspin Toys,Adam Dvorak,90436.0
112,Tailspin Toys (Sallyards- KS),Tailspin Toys (Head Office),Novelty Shop,Tailspin Toys,Ingrida Celmina,90706.0
113,Tailspin Toys (Dahlia- NM),Tailspin Toys (Head Office),Novelty Shop,Tailspin Toys,Jae-Hwa Jang,90264.0
114,Tailspin Toys (Cherry Grove Beach- SC),Tailspin Toys (Head Office),Novelty Shop,Tailspin Toys,Duck-Hwan Bae,90146.0
115,Tailspin Toys (Bethania- NC),Tailspin Toys (Head Office),Novelty Shop,Tailspin Toys,Jagoda Vasiljevic,90368.0
116,Tailspin Toys (Rafael Cap- PR),Tailspin Toys (Head Office),Novelty Shop,Tailspin Toys,Toma Nastase,90685.0
117,Tailspin Toys (Scofield- UT),Tailspin Toys (Head Office),Novelty Shop,Tailspin Toys,Valerio Cardoso,90237.0
118,Tailspin Toys (Vassalboro- ME),Tailspin Toys (Head Office),Novelty Shop,Tailspin Toys,Ileana Aguilar,90546.0
119,Tailspin Toys (Statenville- GA),Tailspin Toys (Head Office),Novelty Shop,Tailspin Toys,Tjasa Weitzer,90504.0
120,Tailspin Toys (Bratenahl- OH),Tailspin Toys (Head Office),Novelty Shop,Tailspin Toys,Lucas Van Veenen,90154.0
121,Tailspin Toys (Elrosa- MN),Tailspin Toys (Head Office),Novelty Shop,Tailspin Toys,Steven Frasier,90079.0
122,Tailspin Toys (McClave- CO),Tailspin Toys (Head Office),Novelty Shop,Tailspin Toys,Mauri Enestam,90439.0
123,Tailspin Toys (Roe Park- NY),Tailspin Toys (Head Office),Novelty Shop,Tailspin Toys,Ella Zvirbule,90775.0
124,Tailspin Toys (Hanoverton- OH),Tailspin Toys (Head Office),Novelty Shop,Tailspin Toys,Sevim Aydın,90770.0
125,Tailspin Toys (Annamoriah- WV),Tailspin Toys (Head Office),Novelty Shop,Tailspin Toys,Blanka Stavinohova,90485.0
126,Tailspin Toys (Francis Mills- NJ),Tailspin Toys (Head Office),Novelty Shop,Tailspin Toys,Akanksha Iyengar,90743.0
127,Tailspin Toys (Point Roberts- WA),Tailspin Toys (Head Office),Novelty Shop,Tailspin Toys,Kertu Smirnov,90504.0
128,Tailspin Toys (East Portal- CO),Tailspin Toys (Head Office),Novelty Shop,Tailspin Toys,Jure Grabensek,90432.0
129,Tailspin Toys (Mineral Hills- MI),Tailspin Toys (Head Office),Novelty Shop,Tailspin Toys,Javiera Madera,90442.0
130,Tailspin Toys (Maple Shade- NJ),Tailspin Toys (Head Office),Novelty Shop,Tailspin Toys,Aija Mottola,90549.0
131,Tailspin Toys (Kwethluk- AK),Tailspin Toys (Head Office),Novelty Shop,Tailspin Toys,Darshan Gupta,90759.0
132,Tailspin Toys (Minidoka- ID),Tailspin Toys (Head Office),Novelty Shop,Tailspin Toys,Akanksha Sarma,90324.0
133,Tailspin Toys (Lake Erie Beach- NY),Tailspin Toys (Head Office),Novelty Shop,Tailspin Toys,Aino Kallas,90186.0
134,Tailspin Toys (Tavares- FL),Tailspin Toys (Head Office),Novelty Shop,Tailspin Toys,An Dung Phung,90467.0
135,Tailspin Toys (Terre du Lac- MO),Tailspin Toys (Head Office),Novelty Shop,Tailspin Toys,Gaurav Sikdar,90145.0
136,Tailspin Toys (Mount Montgomery- NV),Tailspin Toys (Head Office),Novelty Shop,Tailspin Toys,Anirban Sen,90302.0
137,Tailspin Toys (Carbonville- UT),Tailspin Toys (Head Office),Novelty Shop,Tailspin Toys,Chandrakanta Benjaree,90339.0
138,Tailspin Toys (Navassa- NC),Tailspin Toys (Head Office),Novelty Shop,Tailspin Toys,Badari Chadalavada,90535.0
139,Tailspin Toys (Hardeeville- SC),Tailspin Toys (Head Office),Novelty Shop,Tailspin Toys,Gabriele Udinesi,90005.0
140,Tailspin Toys (Furley- KS),Tailspin Toys (Head Office),Novelty Shop,Tailspin Toys,Malay Prabhup?da,90416.0
141,Tailspin Toys (Arrow Rock- MO),Tailspin Toys (Head Office),Novelty Shop,Tailspin Toys,Hedi Koppel,90639.0
142,Tailspin Toys (King Cove- AK),Tailspin Toys (Head Office),Novelty Shop,Tailspin Toys,Denisa Ioveanu,90457.0
143,Tailspin Toys (Ashtabula- OH),Tailspin Toys (Head Office),Novelty Shop,Tailspin Toys,Vaclav Polaskova,90119.0
144,Tailspin Toys (Larose- LA),Tailspin Toys (Head Office),Novelty Shop,Tailspin Toys,Pramod Nishad,90342.0
145,Tailspin Toys (Manahawkin- NJ),Tailspin Toys (Head Office),Novelty Shop,Tailspin Toys,Prasong Tuntayakul,90686.0
146,Tailspin Toys (Belgreen- AL),Tailspin Toys (Head Office),Novelty Shop,Tailspin Toys,Aija Zvaigzne,90735.0
147,Tailspin Toys (Fishtail- MT),Tailspin Toys (Head Office),Novelty Shop,Tailspin Toys,Gilbert Pelland,90432.0
148,Tailspin Toys (Baraboo- WI),Tailspin Toys (Head Office),Novelty Shop,Tailspin Toys,Marcella Napolitani,90165.0
149,Tailspin Toys (Inguadona- MN),Tailspin Toys (Head Office),Novelty Shop,Tailspin Toys,Femke Hollenberg,90245.0
150,Tailspin Toys (Corfu- NY),Tailspin Toys (Head Office),Novelty Shop,Tailspin Toys,Brita Jarvi,90690.0
151,Tailspin Toys (Antares- AZ),Tailspin Toys (Head Office),Novelty Shop,Tailspin Toys,Donato Araujo,90385.0
152,Tailspin Toys (Sun River- MT),Tailspin Toys (Head Office),Novelty Shop,Tailspin Toys,Aleksander Jarvi,90309.0
153,Tailspin Toys (Marcell- MN),Tailspin Toys (Head Office),Novelty Shop,Tailspin Toys,Malati Shenoy,90729.0
154,Tailspin Toys (Eden Valley- MN),Tailspin Toys (Head Office),Novelty Shop,Tailspin Toys,Gui-Hyun Ji,90367.0
155,Tailspin Toys (Arbor Vitae- WI),Tailspin Toys (Head Office),Novelty Shop,Tailspin Toys,Michal Polaskova,90333.0
156,Tailspin Toys (Hollywood Park- TX),Tailspin Toys (Head Office),Novelty Shop,Tailspin Toys,Dilara Ayhan,90405.0
157,Tailspin Toys (Saks- AL),Tailspin Toys (Head Office),Novelty Shop,Tailspin Toys,Peter Macias,90362.0
158,Tailspin Toys (Donner- LA),Tailspin Toys (Head Office),Novelty Shop,Tailspin Toys,Kurt Lukes,90567.0
159,Tailspin Toys (Saint Louis Park- MN),Tailspin Toys (Head Office),Novelty Shop,Tailspin Toys,Beatrise Bite,90401.0
160,Tailspin Toys (Crary- ND),Tailspin Toys (Head Office),Novelty Shop,Tailspin Toys,Bishwanath Ghosh,90248.0
161,Tailspin Toys (Aspen Park- CO),Tailspin Toys (Head Office),Novelty Shop,Tailspin Toys,Gianguido Lucchesi,90644.0
162,Tailspin Toys (Glen Park- NY),Tailspin Toys (Head Office),Novelty Shop,Tailspin Toys,Nu Bach,90026.0
163,Tailspin Toys (Panaca- NV),Tailspin Toys (Head Office),Novelty Shop,Tailspin Toys,Ivonna Ene,90297.0
164,Tailspin Toys (Rothsville- PA),Tailspin Toys (Head Office),Novelty Shop,Tailspin Toys,Ceyhun sahin,90538.0
165,Tailspin Toys (Topstone- CT),Tailspin Toys (Head Office),Novelty Shop,Tailspin Toys,Tian Peng,90675.0
166,Tailspin Toys (McCamey- TX),Tailspin Toys (Head Office),Novelty Shop,Tailspin Toys,Vlastimil Bohuslav,90434.0
167,Tailspin Toys (Rockwall- TX),Tailspin Toys (Head Office),Novelty Shop,Tailspin Toys,Nejc Vosnik,90294.0
168,Tailspin Toys (Seagraves- TX),Tailspin Toys (Head Office),Novelty Shop,Tailspin Toys,Anindo Mazumdar,90453.0
169,Tailspin Toys (Sinclair- WY),Tailspin Toys (Head Office),Novelty Shop,Tailspin Toys,Nils Balodis,90401.0
170,Tailspin Toys (Eastchester- NY),Tailspin Toys (Head Office),Novelty Shop,Tailspin Toys,Daniella Barbosa,90031.0
171,Tailspin Toys (Ortley Beach- NJ),Tailspin Toys (Head Office),Novelty Shop,Tailspin Toys,Raymond Levesque,90179.0
172,Tailspin Toys (Madrone- NM),Tailspin Toys (Head Office),Novelty Shop,Tailspin Toys,Raymond Desforges,90617.0
173,Tailspin Toys (Wappingers Falls- NY),Tailspin Toys (Head Office),Novelty Shop,Tailspin Toys,Raju Atluri,90681.0
174,Tailspin Toys (Astor Park- FL),Tailspin Toys (Head Office),Novelty Shop,Tailspin Toys,Matyas Bohuslav,90179.0
175,Tailspin Toys (San Acacia- NM),Tailspin Toys (Head Office),Novelty Shop,Tailspin Toys,Julio Correa,90445.0
176,Tailspin Toys (Malott- WA),Tailspin Toys (Head Office),Novelty Shop,Tailspin Toys,Banshari De,90015.0
177,Tailspin Toys (Orrtanna- PA),Tailspin Toys (Head Office),Novelty Shop,Tailspin Toys,Ngai Lam,90008.0
178,Tailspin Toys (Armstrong Creek- WI),Tailspin Toys (Head Office),Novelty Shop,Tailspin Toys,Hyun-Doo Song,90397.0
179,Tailspin Toys (Hiteman- IA),Tailspin Toys (Head Office),Novelty Shop,Tailspin Toys,Gabriela Srbova,90212.0
180,Tailspin Toys (Caselton- NV),Tailspin Toys (Head Office),Novelty Shop,Tailspin Toys,Serkan senturk,90747.0
181,Tailspin Toys (Heilwood- PA),Tailspin Toys (Head Office),Novelty Shop,Tailspin Toys,Aahlada Thota,90300.0
182,Tailspin Toys (Hayes Center- NE),Tailspin Toys (Head Office),Novelty Shop,Tailspin Toys,Ayberk sahin,90352.0
183,Tailspin Toys (Tierra Verde- FL),Tailspin Toys (Head Office),Novelty Shop,Tailspin Toys,Kaan Tekin,90195.0
184,Tailspin Toys (South Euclid- OH),Tailspin Toys (Head Office),Novelty Shop,Tailspin Toys,Lata Khandke,90551.0
185,Tailspin Toys (Vidrine- LA),Tailspin Toys (Head Office),Novelty Shop,Tailspin Toys,Truman Eder,90272.0
186,Tailspin Toys (Placer- OR),Tailspin Toys (Head Office),Novelty Shop,Tailspin Toys,Lorraine Paulet,90628.0
187,Tailspin Toys (Brown City- MI),Tailspin Toys (Head Office),Novelty Shop,Tailspin Toys,Biplab De,90503.0
188,Tailspin Toys (Premont- TX),Tailspin Toys (Head Office),Novelty Shop,Tailspin Toys,Rachelle Brasseur,90375.0
189,Tailspin Toys (Wilkes-Barre- PA),Tailspin Toys (Head Office),Novelty Shop,Tailspin Toys,Sara Charlton,90766.0
190,Tailspin Toys (Teutopolis- IL),Tailspin Toys (Head Office),Novelty Shop,Tailspin Toys,Ramesh Mukherjee,90591.0
191,Tailspin Toys (Orchard Hill- GA),Tailspin Toys (Head Office),Novelty Shop,Tailspin Toys,Ester Ahmadian,90698.0
192,Tailspin Toys (Optimo- NM),Tailspin Toys (Head Office),Novelty Shop,Tailspin Toys,Daniel Magnusson,90080.0
193,Tailspin Toys (Knifley- KY),Tailspin Toys (Head Office),Novelty Shop,Tailspin Toys,Jack Carpenter,90298.0
194,Tailspin Toys (Naples Park- FL),Tailspin Toys (Head Office),Novelty Shop,Tailspin Toys,Thomas Fischer,90386.0
195,Tailspin Toys (Lesslie- SC),Tailspin Toys (Head Office),Novelty Shop,Tailspin Toys,Viollette Monty,90771.0
196,Tailspin Toys (Howells- NE),Tailspin Toys (Head Office),Novelty Shop,Tailspin Toys,Alinne Cardoso,90444.0
197,Tailspin Toys (Magalia- CA),Tailspin Toys (Head Office),Novelty Shop,Tailspin Toys,Mani Poddar,90226.0
198,Tailspin Toys (Buell- MO),Tailspin Toys (Head Office),Novelty Shop,Tailspin Toys,Deakshitulu Mokkapati,90113.0
199,Tailspin Toys (Antonito- CO),Tailspin Toys (Head Office),Novelty Shop,Tailspin Toys,Cezar Pavel,90346.0
200,Tailspin Toys (Tooele- UT),Tailspin Toys (Head Office),Novelty Shop,Tailspin Toys,Fanni Benko,90100.0
201,Tailspin Toys (Skyway- WA),Tailspin Toys (Head Office),Novelty Shop,Tailspin Toys,Brenda Morgan,90588.0
202,Wingtip Toys (Head Office),Wingtip Toys (Head Office),Novelty Shop,Wingtip Toys,Olga Alexandrova,90625.0
203,Wingtip Toys (Black Lick- PA),Wingtip Toys (Head Office),Novelty Shop,Wingtip Toys,Maris Baltins,90477.0
204,Wingtip Toys (Queen Valley- AZ),Wingtip Toys (Head Office),Novelty Shop,Wingtip Toys,Parsa Reuser,90588.0
205,Wingtip Toys (Penns Creek- PA),Wingtip Toys (Head Office),Novelty Shop,Wingtip Toys,Duleep Srivastava,90195.0
206,Wingtip Toys (Bourbonnais- IL),Wingtip Toys (Head Office),Novelty Shop,Wingtip Toys,Miran Nikolic,90582.0
207,Wingtip Toys (Tuscaloosa- AL),Wingtip Toys (Head Office),Novelty Shop,Wingtip Toys,Calin Bojin,90011.0
208,Wingtip Toys (Mooringsport- LA),Wingtip Toys (Head Office),Novelty Shop,Wingtip Toys,Lang Le,90387.0
209,Wingtip Toys (Rockwall- TX),Wingtip Toys (Head Office),Novelty Shop,Wingtip Toys,Bhaagyalakshmi Muppavarapu,90500.0
210,Wingtip Toys (Orick- CA),Wingtip Toys (Head Office),Novelty Shop,Wingtip Toys,Dimitry Nechita,90329.0
211,Wingtip Toys (Bernstein- TX),Wingtip Toys (Head Office),Novelty Shop,Wingtip Toys,Miroslav Kohout,90314.0
212,Wingtip Toys (Edmund- WI),Wingtip Toys (Head Office),Novelty Shop,Wingtip Toys,Fransje Mutlu,90777.0
213,Wingtip Toys (Bozeman Hot Springs- MT),Wingtip Toys (Head Office),Novelty Shop,Wingtip Toys,Chati Ornlamai,90708.0
214,Wingtip Toys (Truscott- TX),Wingtip Toys (Head Office),Novelty Shop,Wingtip Toys,Raine Knihtila,90010.0
215,Wingtip Toys (Rose Tree- PA),Wingtip Toys (Head Office),Novelty Shop,Wingtip Toys,Lan Chu,90710.0
216,Wingtip Toys (Leathersville- GA),Wingtip Toys (Head Office),Novelty Shop,Wingtip Toys,Maurice English,90402.0
217,Wingtip Toys (Necedah- WI),Wingtip Toys (Head Office),Novelty Shop,Wingtip Toys,Irene Sepp,90049.0
218,Wingtip Toys (Chetek- WI),Wingtip Toys (Head Office),Novelty Shop,Wingtip Toys,Chandranath Bose,90193.0
219,Wingtip Toys (Yaak- MT),Wingtip Toys (Head Office),Novelty Shop,Wingtip Toys,Ana Julijana Isa,90284.0
220,Wingtip Toys (Compass Lake- FL),Wingtip Toys (Head Office),Novelty Shop,Wingtip Toys,Gireesh Bhogireddy,90212.0
221,Wingtip Toys (Herlong- CA),Wingtip Toys (Head Office),Novelty Shop,Wingtip Toys,Premwadee Atitarn,90358.0
222,Wingtip Toys (Highland Home- AL),Wingtip Toys (Head Office),Novelty Shop,Wingtip Toys,Nishant Patil,90035.0
223,Wingtip Toys (Naches- WA),Wingtip Toys (Head Office),Novelty Shop,Wingtip Toys,Rohan Das,90729.0
224,Wingtip Toys (Baldwin City- KS),Wingtip Toys (Head Office),Novelty Shop,Wingtip Toys,Aamdaal Kamasamudram,90351.0
225,Wingtip Toys (Heartwell- NE),Wingtip Toys (Head Office),Novelty Shop,Wingtip Toys,Baebeesarasvati Kamasamudram,90298.0
226,Wingtip Toys (Bethel Acres- OK),Wingtip Toys (Head Office),Novelty Shop,Wingtip Toys,Marcello Dellucci,90530.0
227,Wingtip Toys (Willow Valley- AZ),Wingtip Toys (Head Office),Novelty Shop,Wingtip Toys,Mee-Kyong Sin,90041.0
228,Wingtip Toys (Athol Springs- NY),Wingtip Toys (Head Office),Novelty Shop,Wingtip Toys,Ivica Lu?ic,90285.0
229,Wingtip Toys (Paw Paw Lake- MI),Wingtip Toys (Head Office),Novelty Shop,Wingtip Toys,Vinicius Correa,90635.0
230,Wingtip Toys (Lilbourn- MO),Wingtip Toys (Head Office),Novelty Shop,Wingtip Toys,Fabio Pena,90025.0
231,Wingtip Toys (Lost River- ID),Wingtip Toys (Head Office),Novelty Shop,Wingtip Toys,Lakshmi Roy,90272.0
232,Wingtip Toys (Rosa Snchez- PR),Wingtip Toys (Head Office),Novelty Shop,Wingtip Toys,Selma Seppanen,90726.0
233,Wingtip Toys (Vamo- FL),Wingtip Toys (Head Office),Novelty Shop,Wingtip Toys,Bay Ly,90333.0
234,Wingtip Toys (Balko- OK),Wingtip Toys (Head Office),Novelty Shop,Wingtip Toys,Adirake Saenamuang,90584.0
235,Wingtip Toys (Lime Lake- NY),Wingtip Toys (Head Office),Novelty Shop,Wingtip Toys,Tarja Penttila,90667.0
236,Wingtip Toys (Teutopolis- IL),Wingtip Toys (Head Office),Novelty Shop,Wingtip Toys,Devendranath Huq,90269.0
237,Wingtip Toys (Gargatha- VA),Wingtip Toys (Head Office),Novelty Shop,Wingtip Toys,Enes Olsson,90752.0
238,Wingtip Toys (Cadogan- PA),Wingtip Toys (Head Office),Novelty Shop,Wingtip Toys,Vanja Grgic,90357.0
239,Wingtip Toys (Lucasville- OH),Wingtip Toys (Head Office),Novelty Shop,Wingtip Toys,Dayaram Mishra,90391.0
240,Wingtip Toys (Cylon- WI),Wingtip Toys (Head Office),Novelty Shop,Wingtip Toys,Mina Omidzadeh,90266.0
241,Wingtip Toys (Asher- OK),Wingtip Toys (Head Office),Novelty Shop,Wingtip Toys,Kadir Usenuly,90683.0
242,Wingtip Toys (Keosauqua- IA),Wingtip Toys (Head Office),Novelty Shop,Wingtip Toys,Kajsa Jakobsson,90281.0
243,Wingtip Toys (Homer City- PA),Wingtip Toys (Head Office),Novelty Shop,Wingtip Toys,Rahul Ghate,90713.0
244,Wingtip Toys (Berville- MI),Wingtip Toys (Head Office),Novelty Shop,Wingtip Toys,Lien Banh,90628.0
245,Wingtip Toys (Tea- SD),Wingtip Toys (Head Office),Novelty Shop,Wingtip Toys,Divyendu Chakraborty,90641.0
246,Wingtip Toys (Dacono- CO),Wingtip Toys (Head Office),Novelty Shop,Wingtip Toys,An Dung Ngo,90289.0
247,Wingtip Toys (Saint Landry- LA),Wingtip Toys (Head Office),Novelty Shop,Wingtip Toys,Chetana Kamath,90033.0
248,Wingtip Toys (Coin- IA),Wingtip Toys (Head Office),Novelty Shop,Wingtip Toys,Premwadee Saowaluk,90458.0
249,Wingtip Toys (Salt Wells- NV),Wingtip Toys (Head Office),Novelty Shop,Wingtip Toys,Jae-Hwa Min,90058.0
250,Wingtip Toys (Delray- WV),Wingtip Toys (Head Office),Novelty Shop,Wingtip Toys,Catalina Nechita,90317.0
251,Wingtip Toys (Mount Summit- IN),Wingtip Toys (Head Office),Novelty Shop,Wingtip Toys,Constanza Laureano,90142.0
252,Wingtip Toys (Smoot- WY),Wingtip Toys (Head Office),Novelty Shop,Wingtip Toys,Aakriti Bhamidipati,90071.0
253,Wingtip Toys (Lake Davis- CA),Wingtip Toys (Head Office),Novelty Shop,Wingtip Toys,Himadri Prabhup?da,90719.0
254,Wingtip Toys (Stanardsville- VA),Wingtip Toys (Head Office),Novelty Shop,Wingtip Toys,Bryan Helms,90739.0
255,Wingtip Toys (Corcovado- PR),Wingtip Toys (Head Office),Novelty Shop,Wingtip Toys,Harri Kask,90498.0
256,Wingtip Toys (Taft Heights- CA),Wingtip Toys (Head Office),Novelty Shop,Wingtip Toys,Ilse Sandell,90304.0
257,Wingtip Toys (West Hempstead- NY),Wingtip Toys (Head Office),Novelty Shop,Wingtip Toys,Subhash Matondkar,90799.0
258,Wingtip Toys (Portales- NM),Wingtip Toys (Head Office),Novelty Shop,Wingtip Toys,Eesvaraavu Ankitham,90304.0
259,Wingtip Toys (Coker- AL),Wingtip Toys (Head Office),Novelty Shop,Wingtip Toys,Miguel Paez,90364.0
260,Wingtip Toys (Haydenville- OH),Wingtip Toys (Head Office),Novelty Shop,Wingtip Toys,Tobias Gruber,90519.0
261,Wingtip Toys (Mayhill- NM),Wingtip Toys (Head Office),Novelty Shop,Wingtip Toys,Daniela Dumina,90741.0
262,Wingtip Toys (Vair- TX),Wingtip Toys (Head Office),Novelty Shop,Wingtip Toys,Ganesh Mukherjee,90707.0
263,Wingtip Toys (Crossroads- NM),Wingtip Toys (Head Office),Novelty Shop,Wingtip Toys,Avanti Nishad,90068.0
264,Wingtip Toys (Cowlington- OK),Wingtip Toys (Head Office),Novelty Shop,Wingtip Toys,Daedeepya Thota,90524.0
265,Wingtip Toys (Glen Ullin- ND),Wingtip Toys (Head Office),Novelty Shop,Wingtip Toys,Gabriela Chirila,90380.0
266,Wingtip Toys (Oologah- OK),Wingtip Toys (Head Office),Novelty Shop,Wingtip Toys,Nagur Atluri,90439.0
267,Wingtip Toys (Lytle- TX),Wingtip Toys (Head Office),Novelty Shop,Wingtip Toys,Sintja Buecek,90706.0
268,Wingtip Toys (Mahaffey- PA),Wingtip Toys (Head Office),Novelty Shop,Wingtip Toys,Pongrit Srisati,90361.0
269,Wingtip Toys (Sunburg- MN),Wingtip Toys (Head Office),Novelty Shop,Wingtip Toys,Linda Green,90477.0
270,Wingtip Toys (Johnetta- KY),Wingtip Toys (Head Office),Novelty Shop,Wingtip Toys,Sarmis Skujins,90699.0
271,Wingtip Toys (Universal City- TX),Wingtip Toys (Head Office),Novelty Shop,Wingtip Toys,Libuse Srbova,90500.0
272,Wingtip Toys (Ridgemark- CA),Wingtip Toys (Head Office),Novelty Shop,Wingtip Toys,Viktorie Stejskalova,90667.0
273,Wingtip Toys (San Jacinto- CA),Wingtip Toys (Head Office),Novelty Shop,Wingtip Toys,Slavko Pavlovic,90017.0
274,Wingtip Toys (Floriston- CA),Wingtip Toys (Head Office),Novelty Shop,Wingtip Toys,Doru Munteanu,90298.0
275,Wingtip Toys (Bokeelia- FL),Wingtip Toys (Head Office),Novelty Shop,Wingtip Toys,Aile Aasmae,90757.0
276,Wingtip Toys (Cale- AR),Wingtip Toys (Head Office),Novelty Shop,Wingtip Toys,Ava Edden,90643.0
277,Wingtip Toys (Karthaus- PA),Wingtip Toys (Head Office),Novelty Shop,Wingtip Toys,Manali Bose,90362.0
278,Wingtip Toys (Glancy- MS),Wingtip Toys (Head Office),Novelty Shop,Wingtip Toys,Astrid Poisson,90294.0
279,Wingtip Toys (Stoneboro- PA),Wingtip Toys (Head Office),Novelty Shop,Wingtip Toys,Gi-Suk Heo,90542.0
280,Wingtip Toys (Mier- IN),Wingtip Toys (Head Office),Novelty Shop,Wingtip Toys,Irma Kruze,90474.0
281,Wingtip Toys (Wapinitia- OR),Wingtip Toys (Head Office),Novelty Shop,Wingtip Toys,Dhaeraemdranaadh Pamulaparthi,90173.0
282,Wingtip Toys (White Church- MO),Wingtip Toys (Head Office),Novelty Shop,Wingtip Toys,Agrita Kalnina,90184.0
283,Wingtip Toys (Caton- NY),Wingtip Toys (Head Office),Novelty Shop,Wingtip Toys,Ravindra Sandhu,90250.0
284,Wingtip Toys (Plum Branch- SC),Wingtip Toys (Head Office),Novelty Shop,Wingtip Toys,Klara Rakus,90631.0
285,Wingtip Toys (Mauldin- SC),Wingtip Toys (Head Office),Novelty Shop,Wingtip Toys,Am Lo,90243.0
286,Wingtip Toys (Bonner Springs- KS),Wingtip Toys (Head Office),Novelty Shop,Wingtip Toys,Sophie Van Lier,90715.0
287,Wingtip Toys (Lowellville- OH),Wingtip Toys (Head Office),Novelty Shop,Wingtip Toys,Dimitry Profis,90737.0
288,Wingtip Toys (Elverson- PA),Wingtip Toys (Head Office),Novelty Shop,Wingtip Toys,Jan Zeman,90147.0
289,Wingtip Toys (Isabela- PR),Wingtip Toys (Head Office),Novelty Shop,Wingtip Toys,Ranjit Dikshit,90320.0
290,Wingtip Toys (Sayner- WI),Wingtip Toys (Head Office),Novelty Shop,Wingtip Toys,Varuna Ganguly,90541.0
291,Wingtip Toys (Beals- ME),Wingtip Toys (Head Office),Novelty Shop,Wingtip Toys,Basak Tekin,90772.0
292,Wingtip Toys (Morton Grove- IL),Wingtip Toys (Head Office),Novelty Shop,Wingtip Toys,Doru Tirlea,90336.0
293,Wingtip Toys (Birds- IL),Wingtip Toys (Head Office),Novelty Shop,Wingtip Toys,Jessica Perrine,90393.0
294,Wingtip Toys (Federalsburg- MD),Wingtip Toys (Head Office),Novelty Shop,Wingtip Toys,Yavuz Cetinkaya,90373.0
295,Wingtip Toys (Pikeview- CO),Wingtip Toys (Head Office),Novelty Shop,Wingtip Toys,Sirirat Kongpaisarn,90478.0
296,Wingtip Toys (Boalsburg- PA),Wingtip Toys (Head Office),Novelty Shop,Wingtip Toys,Claude Bonsaint,90247.0
297,Wingtip Toys (Port Hueneme- CA),Wingtip Toys (Head Office),Novelty Shop,Wingtip Toys,Roman Pajer,90726.0
298,Wingtip Toys (Verdery- SC),Wingtip Toys (Head Office),Novelty Shop,Wingtip Toys,Vitezslav Holy,90108.0
299,Wingtip Toys (Obetz- OH),Wingtip Toys (Head Office),Novelty Shop,Wingtip Toys,Devi Dewangan,90143.0
300,Wingtip Toys (East Fultonham- OH),Wingtip Toys (Head Office),Novelty Shop,Wingtip Toys,Masa Buecek,90032.0
301,Wingtip Toys (Obion- TN),Wingtip Toys (Head Office),Novelty Shop,Wingtip Toys,Bipin Modi,90451.0
302,Wingtip Toys (Cavendish- VT),Wingtip Toys (Head Office),Novelty Shop,Wingtip Toys,Rahul Sarma,90672.0
303,Wingtip Toys (Miesville- MN),Wingtip Toys (Head Office),Novelty Shop,Wingtip Toys,Alejandro Escobar,90728.0
304,Wingtip Toys (Valhalla- NC),Wingtip Toys (Head Office),Novelty Shop,Wingtip Toys,Andris Vitols,90310.0
305,Wingtip Toys (Cape Neddick- ME),Wingtip Toys (Head Office),Novelty Shop,Wingtip Toys,Mariela Weitzer,90296.0
306,Wingtip Toys (Silver Plume- CO),Wingtip Toys (Head Office),Novelty Shop,Wingtip Toys,Alain Pelland,90797.0
307,Wingtip Toys (North Beach Haven- NJ),Wingtip Toys (Head Office),Novelty Shop,Wingtip Toys,Milica Stojkovic,90311.0
308,Wingtip Toys (Downingtown- PA),Wingtip Toys (Head Office),Novelty Shop,Wingtip Toys,Natalie Horackova,90133.0
309,Wingtip Toys (Branson West- MO),Wingtip Toys (Head Office),Novelty Shop,Wingtip Toys,Baalaaditya Rallapalli,90016.0
310,Wingtip Toys (Bergen Park- CO),Wingtip Toys (Head Office),Novelty Shop,Wingtip Toys,Matej Formanek,90278.0
311,Wingtip Toys (Grabill- IN),Wingtip Toys (Head Office),Novelty Shop,Wingtip Toys,Manish Ghosh,90032.0
312,Wingtip Toys (North Manitou- MI),Wingtip Toys (Head Office),Novelty Shop,Wingtip Toys,Pracha Nantakarn,90251.0
313,Wingtip Toys (Philip- SD),Wingtip Toys (Head Office),Novelty Shop,Wingtip Toys,Charline Flamand,90438.0
314,Wingtip Toys (Straughn- IN),Wingtip Toys (Head Office),Novelty Shop,Wingtip Toys,Teodor Vlad,90771.0
315,Wingtip Toys (Gilford- NH),Wingtip Toys (Head Office),Novelty Shop,Wingtip Toys,Anda Liepa,90418.0
316,Wingtip Toys (Del Valle- TX),Wingtip Toys (Head Office),Novelty Shop,Wingtip Toys,Jelena Utjesenovic,90612.0
317,Wingtip Toys (Harkers Island- NC),Wingtip Toys (Head Office),Novelty Shop,Wingtip Toys,Adriana Horackova,90175.0
318,Wingtip Toys (Licking- MO),Wingtip Toys (Head Office),Novelty Shop,Wingtip Toys,Miika Putkonen,90280.0
319,Wingtip Toys (Raton- NM),Wingtip Toys (Head Office),Novelty Shop,Wingtip Toys,Padma Iyer,90687.0
320,Wingtip Toys (Boynton- OK),Wingtip Toys (Head Office),Novelty Shop,Wingtip Toys,Śani Sen,90760.0
321,Wingtip Toys (Frenchburg- KY),Wingtip Toys (Head Office),Novelty Shop,Wingtip Toys,Helene Dupuy,90218.0
322,Wingtip Toys (Robertsdale- AL),Wingtip Toys (Head Office),Novelty Shop,Wingtip Toys,omer ozbek,90580.0
323,Wingtip Toys (Dickerson- MD),Wingtip Toys (Head Office),Novelty Shop,Wingtip Toys,Akshayakeerti Jandhyala,90783.0
324,Wingtip Toys (Bruceton Mills- WV),Wingtip Toys (Head Office),Novelty Shop,Wingtip Toys,Ankolika Sen,90269.0
325,Wingtip Toys (Cloquet- MN),Wingtip Toys (Head Office),Novelty Shop,Wingtip Toys,Baalaamani Veturi,90639.0
326,Wingtip Toys (Claycomo- MO),Wingtip Toys (Head Office),Novelty Shop,Wingtip Toys,Julia Konecna,90501.0
327,Wingtip Toys (Beekmantown- NY),Wingtip Toys (Head Office),Novelty Shop,Wingtip Toys,Madelaine  Paulet,90800.0
328,Wingtip Toys (Islip Terrace- NY),Wingtip Toys (Head Office),Novelty Shop,Wingtip Toys,Mario Jogi,90778.0
329,Wingtip Toys (Rich Creek- VA),Wingtip Toys (Head Office),Novelty Shop,Wingtip Toys,Kaya ozbek,90588.0
330,Wingtip Toys (Griswoldville- GA),Wingtip Toys (Head Office),Novelty Shop,Wingtip Toys,Seo-yeon Rim,90110.0
331,Wingtip Toys (East Mountain- TX),Wingtip Toys (Head Office),Novelty Shop,Wingtip Toys,Sitara Benjaree,90353.0
332,Wingtip Toys (Omer- MI),Wingtip Toys (Head Office),Novelty Shop,Wingtip Toys,Javier Caraballo,90228.0
333,Wingtip Toys (Waycross- GA),Wingtip Toys (Head Office),Novelty Shop,Wingtip Toys,Akhtar Shahrestaani,90743.0
334,Wingtip Toys (Nichols Hills- OK),Wingtip Toys (Head Office),Novelty Shop,Wingtip Toys,Vanita Bhowmick,90128.0
335,Wingtip Toys (Plaquemine- LA),Wingtip Toys (Head Office),Novelty Shop,Wingtip Toys,Nishant Menon,90520.0
336,Wingtip Toys (Triadelphia- WV),Wingtip Toys (Head Office),Novelty Shop,Wingtip Toys,Josef Benda,90747.0
337,Wingtip Toys (Ferney- SD),Wingtip Toys (Head Office),Novelty Shop,Wingtip Toys,Teresa Bender,90461.0
338,Wingtip Toys (Akhiok- AK),Wingtip Toys (Head Office),Novelty Shop,Wingtip Toys,Deepesh Bose,90197.0
339,Wingtip Toys (Deeson- MS),Wingtip Toys (Head Office),Novelty Shop,Wingtip Toys,Madhavi Gupta,90338.0
340,Wingtip Toys (Nuangola- PA),Wingtip Toys (Head Office),Novelty Shop,Wingtip Toys,Bich Banh,90156.0
341,Wingtip Toys (Weld- ME),Wingtip Toys (Head Office),Novelty Shop,Wingtip Toys,Śani Nair,90031.0
342,Wingtip Toys (Mickleton- NJ),Wingtip Toys (Head Office),Novelty Shop,Wingtip Toys,Angelina Gormanston,90751.0
343,Wingtip Toys (Schererville- IN),Wingtip Toys (Head Office),Novelty Shop,Wingtip Toys,Prasert Supitayaporn,90457.0
344,Wingtip Toys (Lexington Heights- MI),Wingtip Toys (Head Office),Novelty Shop,Wingtip Toys,Abhaya Rambhatla,90067.0
345,Wingtip Toys (Broomtown- AL),Wingtip Toys (Head Office),Novelty Shop,Wingtip Toys,Lalit Ogra,90717.0
346,Wingtip Toys (Jamison- IA),Wingtip Toys (Head Office),Novelty Shop,Wingtip Toys,Mina Bagheri,90010.0
347,Wingtip Toys (Key Biscayne- FL),Wingtip Toys (Head Office),Novelty Shop,Wingtip Toys,Debraj Sanyal,90085.0
348,Wingtip Toys (Chaseley- ND),Wingtip Toys (Head Office),Novelty Shop,Wingtip Toys,Marco Costa,90066.0
349,Wingtip Toys (Indian Creek- IL),Wingtip Toys (Head Office),Novelty Shop,Wingtip Toys,Crina Nechita,90610.0
350,Wingtip Toys (Lake Ronkonkoma- NY),Wingtip Toys (Head Office),Novelty Shop,Wingtip Toys,Zala Ibrahimagic,90437.0
351,Wingtip Toys (Morrison Bluff- AR),Wingtip Toys (Head Office),Novelty Shop,Wingtip Toys,Gundega Kundzina,90682.0
352,Wingtip Toys (Huntingburg- IN),Wingtip Toys (Head Office),Novelty Shop,Wingtip Toys,Parveen Haldar,90434.0
353,Wingtip Toys (Shay- PA),Wingtip Toys (Head Office),Novelty Shop,Wingtip Toys,Noel Cartier,90759.0
354,Wingtip Toys (Helotes- TX),Wingtip Toys (Head Office),Novelty Shop,Wingtip Toys,Ilgonis Dzenis,90119.0
355,Wingtip Toys (Hollandsburg- IN),Wingtip Toys (Head Office),Novelty Shop,Wingtip Toys,Ondrej Tomek,90683.0
356,Wingtip Toys (Liberty Grove- MD),Wingtip Toys (Head Office),Novelty Shop,Wingtip Toys,Mohini Kaul,90204.0
357,Wingtip Toys (Morita- TX),Wingtip Toys (Head Office),Novelty Shop,Wingtip Toys,Arnab Malakar,90222.0
358,Wingtip Toys (New Laguna- NM),Wingtip Toys (Head Office),Novelty Shop,Wingtip Toys,Mary Barney,90761.0
359,Wingtip Toys (Bourneville- OH),Wingtip Toys (Head Office),Novelty Shop,Wingtip Toys,Dhaeraemdranaadh Allu,90164.0
360,Wingtip Toys (Mendoza- TX),Wingtip Toys (Head Office),Novelty Shop,Wingtip Toys,Paola Greece,90420.0
361,Wingtip Toys (Palmas del Mar- PR),Wingtip Toys (Head Office),Novelty Shop,Wingtip Toys,Flora Olofsson,90167.0
362,Wingtip Toys (Marion Junction- AL),Wingtip Toys (Head Office),Novelty Shop,Wingtip Toys,Nguyet Bach,90078.0
363,Wingtip Toys (Ware Shoals- SC),Wingtip Toys (Head Office),Novelty Shop,Wingtip Toys,Jyoti Karnik,90181.0
364,Wingtip Toys (Lostine- OR),Wingtip Toys (Head Office),Novelty Shop,Wingtip Toys,Samuel Almaraz,90287.0
365,Wingtip Toys (Tilleda- WI),Wingtip Toys (Head Office),Novelty Shop,Wingtip Toys,Zuzana Kuchtova,90240.0
366,Wingtip Toys (Wapiti- WY),Wingtip Toys (Head Office),Novelty Shop,Wingtip Toys,Mark Ruutel,90344.0
367,Wingtip Toys (Amado- AZ),Wingtip Toys (Head Office),Novelty Shop,Wingtip Toys,Corneliu Vladu,90107.0
368,Wingtip Toys (Jeromesville- OH),Wingtip Toys (Head Office),Novelty Shop,Wingtip Toys,Severins Polis,90184.0
369,Wingtip Toys (Ovilla- TX),Wingtip Toys (Head Office),Novelty Shop,Wingtip Toys,Linda Ledezma,90683.0
370,Wingtip Toys (West Frostproof- FL),Wingtip Toys (Head Office),Novelty Shop,Wingtip Toys,Halit Gunes,90126.0
371,Wingtip Toys (Flomaton- AL),Wingtip Toys (Head Office),Novelty Shop,Wingtip Toys,Vallo Vesik,90134.0
372,Wingtip Toys (Pawlet- VT),Wingtip Toys (Head Office),Novelty Shop,Wingtip Toys,Dana Mrazova,90472.0
373,Wingtip Toys (Trout Run- PA),Wingtip Toys (Head Office),Novelty Shop,Wingtip Toys,Ema Slosar,90257.0
374,Wingtip Toys (Marin City- CA),Wingtip Toys (Head Office),Novelty Shop,Wingtip Toys,Hemchandra Debnath,90449.0
375,Wingtip Toys (Molalla- OR),Wingtip Toys (Head Office),Novelty Shop,Wingtip Toys,Monika Valentova,90761.0
376,Wingtip Toys (Trumansburg- NY),Wingtip Toys (Head Office),Novelty Shop,Wingtip Toys,Dattaatraeya Tottempudi,90482.0
377,Wingtip Toys (Goodings Grove- IL),Wingtip Toys (Head Office),Novelty Shop,Wingtip Toys,Kahkushan Shakiba,90512.0
378,Wingtip Toys (Cherryplain- NY),Wingtip Toys (Head Office),Novelty Shop,Wingtip Toys,Taner Yılmaz,90779.0
379,Wingtip Toys (Bell Acres- PA),Wingtip Toys (Head Office),Novelty Shop,Wingtip Toys,Abhra Thakur,90526.0
380,Wingtip Toys (Connoquenessing- PA),Wingtip Toys (Head Office),Novelty Shop,Wingtip Toys,Dunja Radoncis,90775.0
381,Wingtip Toys (Sarversville- PA),Wingtip Toys (Head Office),Novelty Shop,Wingtip Toys,Darakhshan Javaherian,90201.0
382,Wingtip Toys (Munich- ND),Wingtip Toys (Head Office),Novelty Shop,Wingtip Toys,Youssef Eriksson,90334.0
383,Wingtip Toys (Montoya- NM),Wingtip Toys (Head Office),Novelty Shop,Wingtip Toys,Pavel Bohuslav,90683.0
384,Wingtip Toys (Knights Landing- CA),Wingtip Toys (Head Office),Novelty Shop,Wingtip Toys,Jiri Vacha,90400.0
385,Wingtip Toys (Cache- OK),Wingtip Toys (Head Office),Novelty Shop,Wingtip Toys,Magdalena Cervenkova,90770.0
386,Wingtip Toys (Towaco- NJ),Wingtip Toys (Head Office),Novelty Shop,Wingtip Toys,Asha Mudigonda,90406.0
387,Wingtip Toys (Lynne- FL),Wingtip Toys (Head Office),Novelty Shop,Wingtip Toys,Anete Kundzina,90009.0
388,Wingtip Toys (Plata- TX),Wingtip Toys (Head Office),Novelty Shop,Wingtip Toys,Daniela Sal,90374.0
389,Wingtip Toys (Oak Point- TX),Wingtip Toys (Head Office),Novelty Shop,Wingtip Toys,Duangrat Atitarn,90380.0
390,Wingtip Toys (Alcester- SD),Wingtip Toys (Head Office),Novelty Shop,Wingtip Toys,Deviprasad Prabhup?da,90797.0
391,Wingtip Toys (McAdenville- NC),Wingtip Toys (Head Office),Novelty Shop,Wingtip Toys,Aija Lukstina,90644.0
392,Wingtip Toys (Idaho City- ID),Wingtip Toys (Head Office),Novelty Shop,Wingtip Toys,Hoc Le,90426.0
393,Wingtip Toys (Dunkerton- IA),Wingtip Toys (Head Office),Novelty Shop,Wingtip Toys,Bhairaam Kidambi,90141.0
394,Wingtip Toys (Cuyamungue- NM),Wingtip Toys (Head Office),Novelty Shop,Wingtip Toys,Jae-Hwa Shin,90540.0
395,Wingtip Toys (Marfa- TX),Wingtip Toys (Head Office),Novelty Shop,Wingtip Toys,Caterina Fallaci,90235.0
396,Wingtip Toys (Accomac- VA),Wingtip Toys (Head Office),Novelty Shop,Wingtip Toys,Baanuraekha Voleti,90378.0
397,Wingtip Toys (Cos Cob- CT),Wingtip Toys (Head Office),Novelty Shop,Wingtip Toys,Ranjeet Haldar,90675.0
398,Wingtip Toys (Haycock- AK),Wingtip Toys (Head Office),Novelty Shop,Wingtip Toys,Bhaamini Kanaparthi,90603.0
399,Wingtip Toys (Kapaa- HI),Wingtip Toys (Head Office),Novelty Shop,Wingtip Toys,Margit Molnar,90796.0
400,Wingtip Toys (Dickworsham- TX),Wingtip Toys (Head Office),Novelty Shop,Wingtip Toys,Chandni Jandhyala,90704.0
401,Wingtip Toys (Caro- MI),Wingtip Toys (Head Office),Novelty Shop,Wingtip Toys,Ljubomir Nesic,90043.0
402,Wingtip Toys (Ruthsburg- MD),Wingtip Toys (Head Office),Novelty Shop,Wingtip Toys,Telma Hermansson,90451.0
